{
	"size":{
		"catname": "Sizes",
		"small": { "name":"Small", "name_short":"S", "size": 8 , "cost":5.50},
		"medium":{ "name":"Medium","name_short":"M", "size": 12, "cost":6.50},
		"large": { "name":"Large", "name_short":"L", "size": 14, "cost":7.50},
		"jumbo": { "name":"Jumbo", "name_short":"J", "size": 24, "cost":8.50}
	},
	"presets":{
		"catname": "Presets",
		"1": { "name":"Italian", "cost":1.50,
			  "tops":["tom","moz","bol"]},
		"2": { "name":"Hawaiian", "cost":0.50,
			  "tops":["bac","pin"]},
		"3": { "name":"Meat Lover", "cost":0.50,
			  "tops":["pep","bac"]},
		"4": { "name":"Garden Mix", "cost":2.50,
			  "tops":["mus","tom","oni","gpe","bro"]},
		"5": { "name":"The I Don't Know", "cost":7,
			  "tops":["pep","mus","bol","moz","tom","pin","bac","oni","gpe","bro"]}
	},
	"tops":{
		"catname": "Toppings",
		"bac":{
			"name": "Bacon",
			"full":  "images/toppings/bac/bacon.png",
			"left":  "images/toppings/bac/baconLeft.png",
			"right": "images/toppings/bac/baconRight.png",
			"cost":1							
		},
		"bol":{
			"name": "Black Olives",
			"full": "images/toppings/bol/blackolives.png",
			"left": "images/toppings/bol/blackolivesLeft.png",
			"right": "images/toppings/bol/blackolivesRight.png",
			"cost":1						
		},
		"bro":{
			"name": "Broccoli",
			"full":  "images/toppings/bro/broccoli.png",
			"left":  "images/toppings/bro/broccoliLeft.png",
			"right": "images/toppings/bro/broccoliRight.png",
			"cost":1							
		},
		"gpe":{
			"name": "Green Peppers",
			"full":  "images/toppings/gpe/greenpepper.png",
			"left":  "images/toppings/gpe/greenpepperLeft.png",
			"right": "images/toppings/gpe/greenpepperRight.png",
			"cost":1							
		},	
		"moz":{
			"name": "Mozzarella",
			"full": "images/toppings/moz/mozzarella.png",
			"left": "images/toppings/moz/mozzarellaLeft.png",
			"right": "images/toppings/moz/mozzarellaRight.png",
			"cost":1							
		},
		"mus":{
			"name": "Mushrooms",
			"full": "images/toppings/mus/mushrooms.png",
			"left": "images/toppings/mus/mushroomsLeft.png",
			"right": "images/toppings/mus/mushroomsRight.png",
			"cost":1							
		},		
		"oni":{
			"name": "Onion",
			"full":  "images/toppings/oni/onion.png",
			"left":  "images/toppings/oni/onionLeft.png",
			"right": "images/toppings/oni/onionRight.png",
			"cost":1							
		},	
		"pep":{
			"name": "Pepperoni",
			"full": "images/toppings/pep/pepperoni.png",
			"left": "images/toppings/pep/pepperoniLeft.png",
			"right": "images/toppings/pep/pepperoniRight.png",
			"cost":1				
		},
		"pin":{
			"name": "Pineapple",
			"full":  "images/toppings/pin/pineapple.png",
			"left":  "images/toppings/pin/pineappleLeft.png",
			"right": "images/toppings/pin/pineappleRight.png",
			"cost":1							
		},
		"tom":{
			"name": "Tomatoes",
			"full":  "images/toppings/tom/tomato.png",
			"left":  "images/toppings/tom/tomatoLeft.png",
			"right": "images/toppings/tom/tomatoRight.png",
			"cost":1							
		}
	}
}